﻿Curso,Siglas,Calidad de la Guía de Estudio,Cumplimiento de los objetivos,Métodos de enseñanza utilizados,Labor desempeñada por los profesores,Dominio del contenido por parte de los profesores,"Orientación, interacción y retroalimentación brindada por los profesores",Criterios de evaluación utilizados,Exigencia de los profesores en las evaluaciones,Distribución de actividades en el tiempo,"Canales de comunicación (foros, chats, correo...) utilizados",Bibliografía recomendada,Variedad de recursos utilizados,Calidad de los recursos empleados,Cumplimiento de las expectativas,Satisfacción con el curso,Teléfono Móvil,Tablet,Laptop,PC de Escritorio,Datos Móviles,Nauta Hogar,Puntos Wifi,Salas de Navegación,Conexión desde su centro de trabajo,Otra,Q05_pregunta
Sostenibilidad Corporativa,SC,5,5,5,5,5,5,5,5,5,5,5,5,5,5,5,0,0,1,0,1,0,0,0,0,0,"Realmente el curso está muy bien: balanceado, bien estructurado, existe una forma cómoda para los estudiantes de evaluar los conocimientos y al mismo tiempo se aprende por las evaluaciones. Felicitaciones a los profesores que sin agobiarnos se perciben pendientes de nuestro avance."
Sostenibilidad Corporativa,SC,4,4,3,4,4,4,3,3,4,4,4,3,3,4,4,0,0,0,1,0,0,0,0,1,0,"Un buen curso, bien estructurado"
Sostenibilidad Corporativa,SC,5,5,5,5,5,5,5,5,5,5,5,5,5,5,5,1,0,1,0,1,1,0,0,0,0,Mantener la calidad de los contenidos y la retroalimentación con los profesores
Sostenibilidad Corporativa,SC,5,5,5,5,5,5,5,5,5,5,5,5,5,5,5,1,0,0,0,1,0,0,0,0,0,Incorporación de videos sobre los temas abordados en el curso
Sostenibilidad Corporativa,SC,5,5,5,5,5,4,4,5,5,5,5,5,5,5,5,1,1,1,0,1,0,0,0,0,0,"Gracias al curso he ampliado mis conocimientos respecto a este importante, y para mí novedoso, tema. Una vez más apuesto por mi superación en la Escuela a Distancia de la UCI y estoy muy feliz con los resultados. Dirijo mi recomendación a los métodos de evaluación, en los cuestionarios del tema considero que se evalúan temas muy específicos y particulares cuando se puede fomentar el trabajo con características o tipologías o elementos de más nivel teórico. Pero en sentido general, muy feliz y con más conocimientos. Gracias al claustr y a los compañeros."
Sostenibilidad Corporativa,SC,5,5,5,5,5,5,5,5,5,5,5,5,5,5,5,0,0,1,1,1,0,0,0,1,0,Ninguna
Sostenibilidad Corporativa,SC,5,4,4,5,5,5,4,4,3,5,3,4,4,4,4,0,0,0,1,0,1,0,0,0,0,Incorporar nuevos recursos y materiales para aumentar la rapidez y calidad del aprendizaje.
Sostenibilidad Corporativa,SC,5,5,5,5,5,5,5,5,5,5,4,5,5,5,5,1,0,0,1,1,0,0,0,1,0,"Me gustaría que ofrecieran más Bibliografías en las cuales se aborden temas específicos. Por ejemplo en el tema 1 sobre los antecedentes históricos de la sostenibilidad abordar cada uno de ellos, es decir dar un explicación más profunda y detallada de cada uno, así sucesivamente en cada objetivo trabajado.Me siento muy bien en el ser partícipe del mismo, puesto que no pude continuar en la primera convocatoria de este año, pero al fin pude nutrirme nuevamente de conocimientos y culminar este maravilloso curso.A los profesores gracias por dedicar parte de su valioso tiempo a enseñar a otros."
Sostenibilidad Corporativa,SC,5,5,4,5,5,5,5,5,4,4,4,4,5,5,5,1,0,0,0,1,0,0,0,0,0,Diversificar los OA
Sostenibilidad Corporativa,SC,5,5,5,5,5,5,5,5,5,5,5,5,5,5,5,1,0,1,0,1,0,0,0,0,0,"Considero que este curso está muy bien conformado, me encantó la experiencia y la forma en la que los profesores nos brindaban las orientaciones."
Sostenibilidad Corporativa,SC,4,5,5,5,5,4,5,5,5,4,5,4,5,5,5,1,0,1,1,1,0,0,0,0,0,"El curso está bien estructurado, los profesores tienen un buen nivel académico y científico, la bibliografía recomendada es muy actual y de gran impacto, solo recomiendo masificar el curso, es un tema novedoso e importante para las empresas, gracias a los profesores por la oportunidad de compartir conocimientoa con ellos."
Sostenibilidad Corporativa,SC,3,5,3,5,5,4,0,4,4,5,5,5,5,4,5,0,0,1,0,1,0,0,0,0,0,"Sería muy bueno si el material de las clases (me refiero específicamente a las lecciones), estuviesen disponibles para descargar en formato PDF, de forma tal que se pueda hacer el estudio de los mismos de forma off-line y con la seguridad de que esté completo y en el orden correcto. Me sucedió que al principio no me percaté de que era una imagen por página y descargé solo el .html con la primera página de cada lección. Luego, resuelto eso, el otro problema era consultar las imágenes en el orden correcto, lo que me hacía reconectarme a la web para poder comprobar la consecutividad de las páginas.Además de eso, en lo personal me gustaría que desde las lecciones se abordaran ejemplos que lleven los contenidos teóricos a la práctica. Los materiales y los conocimientos aportados fueron muy buenos de manera general, y resultarían más didácticos con la inclusión de ejemplos prácticos en las lecciones."
Sostenibilidad Corporativa,SC,5,5,5,5,5,5,5,5,5,5,5,5,5,4,5,0,0,1,0,0,0,1,0,0,0,Ninguna.
Sostenibilidad Corporativa,SC,5,4,4,4,5,4,5,4,5,4,5,4,5,5,5,1,0,0,1,1,0,0,0,1,0,No tengo ninguna sugerencia
Sostenibilidad Corporativa,SC,5,4,4,5,5,5,4,5,4,4,5,4,5,5,5,1,0,0,0,1,0,0,0,1,0,No tengo ninguna sugerencia. En sentido general cumplió mis expectativas.
Sostenibilidad Corporativa,SC,4,4,4,4,4,4,3,3,4,4,4,4,4,4,4,0,0,0,1,0,0,0,0,1,0,"En lo personal mi experiencia con el tema es muy baja, pero complacido de aprender, era el objetivo, sugiero utilización mas constantes de métodos de interación con los restantes estudiantes y con los profesores, que exista una necesidad por parte del estudiante de hacerlo."
Sostenibilidad Corporativa,SC,5,5,5,5,5,5,5,5,5,5,5,5,5,5,5,1,0,1,0,1,0,1,0,1,0,"El curso me pareció fantástico, me gustaría participar en otros y con ello estoy dejando claro de que me gustaría que se realizaran este tipo de cursos con más frecuencia. "
Sostenibilidad Corporativa,SC,5,5,5,5,5,5,5,5,4,5,5,4,5,5,5,1,0,1,0,1,1,0,0,0,0,El curso en su totalidad fue muy instructivo y lo califico de excelente.
Sostenibilidad Corporativa,SC,5,5,3,4,5,3,4,4,5,5,5,3,5,5,5,0,0,0,1,0,0,0,0,1,0,"Hola...el curso estuvo muy interesante y los materiales explicaban bastante bien el tema, pero podría entenderse mejor algunos aspectos si fueran explicados a través de pequeños videos."
Sostenibilidad Corporativa,SC,4,4,4,4,4,4,4,4,4,4,4,4,4,5,5,1,0,1,1,1,0,0,0,0,0,Sin sugerencias. El curso tiene gran nivel. Al igual que el profesor.
Sostenibilidad Corporativa,SC,5,5,5,5,5,5,5,5,5,5,5,5,5,5,5,1,0,1,0,1,0,0,0,1,0,"El curso está muy bueno, la única sugerencia es que siga ofertando para que los trabajadores y los directivos de las empresas del país conozcan más acerca de este tema que en la práctica se asocia solamente al medio ambiente y sosteniblidad es mucho más que eso. Muy buena la bibliografía y la estructura del curso, que aunque sea a distancia realmente te obliga a estudiar y a leer posiblemente más que si se hubiese dado de forma presencial."
Sostenibilidad Corporativa,SC,5,4,5,4,4,4,5,4,4,5,5,5,5,5,5,0,0,1,0,0,1,0,0,0,0,"A pesar de que el curso es online el tiempo para las evaluaciones en mi opinion no está repartido equitativamente, sobre todo para la evaluación final; los profesores recomendaron que se fuera trabajando todo a la vez, pero tambien se vuelve complicado con la rutina diaria de cada uno, en fin, creo que para proximos cursos se debiera tener eso en cuenta."
Sostenibilidad Corporativa,SC,5,5,5,5,5,5,5,5,5,5,5,5,5,5,5,1,0,0,1,1,0,0,0,0,0,Estoy muy satisfecho con todo lo referente al curso. Muy agradecido por los conocimientos que me han transmitido y en espera para el proximo. Mis felicitaciones y saludos
Sostenibilidad Corporativa,SC,5,4,4,4,4,4,5,4,3,4,4,3,4,4,4,1,0,0,1,1,0,0,0,1,0,Las actividades evaluativas deben extenderse un poco a mi consideración puesto que el tiempo es corto.
Sostenibilidad Corporativa,SC,5,5,4,5,5,5,5,5,5,4,5,4,5,4,4,1,0,0,1,1,0,0,0,1,0,"En general me pareció un buen curso, mi sugerencia sería utilizar en la propia página (no sitios externos para aminorar el consumo de datos) archivos de audio, o presentaciones con imágenes. Utilizar un espacio de chat en que se pueda interactuar en tiempo real, dígase telegram o todus. Esto ayudaría a la interacción, y comprensión de los detalles del curso y aplicación de lo aprendido. Gracias por La oportunidad"
Sostenibilidad Corporativa,SC,5,5,5,5,5,5,5,5,5,5,5,5,5,5,5,1,0,0,0,1,0,0,0,1,0,Me parece muy acertada la forma en que se encuentra dividido el curso. Y muy bueno el acercamiento con los profesores y sus recomendaciones sobre la bibliografía complementaria
Sostenibilidad Corporativa,SC,4,4,4,5,5,4,4,4,4,4,4,4,4,5,5,1,0,1,0,1,0,0,0,1,0,aumentar la cantidad de bibliografías y materiales de consulta
Sostenibilidad Corporativa,SC,3,3,3,3,3,3,2,2,1,1,0,0,2,4,5,1,0,0,0,1,0,0,0,0,0,"Es importante generalizar la experiencia de realizar los cursos de postgrado a distancia y añadir a  esta plataforma la posibilidad de realizar maestrías y doctorados a distancia, para facilitar la interacción  y el desarrollo de profesionales que como a mi se les dificulta la interacción con la universidad y necesitan resolver a través del desarrollo de la investigación problemas de investigación que surgen en la cotidiana labor. Gracias por el apoyo. Necesito mantener el intercambio con su colectivo para someter a su consideración posible tema doctoral. Saludos, Leonel González Zulueta "
Sostenibilidad Corporativa,SC,5,5,4,5,5,5,4,4,5,5,4,5,5,5,5,1,0,1,0,1,1,0,0,1,0,"Actualizar la bibliografía complementaria. No la relacionada con la sostenibilidad corporativa, si no la bibliografía referente a métodos y técnicas."
Sostenibilidad Corporativa,SC,5,5,5,5,5,5,5,5,4,5,4,4,5,5,5,1,0,0,1,1,0,0,0,1,0,Enriquecer la bibliografía a utilizar. Que se mantuviera una segunda edición del curso como continuidad de este para los mismos interesados.
Programación en PostgreSQL,PPSQL,5,5,5,4,5,4,5,5,5,4,5,5,5,5,5,1,0,1,0,1,0,0,0,1,0,"El curso tiene una buena dosificación de los contenidos, está bien   estructurado y organizado. Los elementos abordados desde el punto de   vista de las bases de datos relacionales, potencia la preparación   posgraduada de los profesionales y permite retomar además contenidos   impartidos en pregrado. Se abordan temas avanzados de optimización y   configuración del servidor lo que contribuye a perfeccionar el rol de   administrador de bases de datos en un proyecto de desarrollo de   software. Está muy bueno tal y como se ve, no recomiendo ninguna mejora   significativa, aunque sí no dejar de actualizarlo y mantenerlo en   contexto."
Programación en PostgreSQL,PPSQL,5,5,5,5,5,5,5,5,5,5,5,5,5,5,5,1,0,1,0,1,0,0,0,0,0,Creo que es un curso bastante completo para adentrarnos en el mundo de las bases de datos.
Programación en PostgreSQL,PPSQL,5,5,5,5,5,5,5,5,5,5,5,5,5,5,5,1,0,1,0,1,0,0,0,0,0,Estoy complacida con el curso. 
Programación en PostgreSQL,PPSQL,5,5,5,5,5,5,5,5,5,5,5,5,5,5,5,0,0,1,0,0,0,1,0,1,0,"No tengo ninguna sugerencia que hacer, en realidad me gustó el curso y el tema está muy a tono con mi trabajo. Actualmente estoy utilizando este SGBD por tanto, muy pertinente todo lo que aquí he aprendido."
Programación en PostgreSQL,PPSQL,4,4,4,5,5,5,4,4,3,4,4,4,4,4,4,1,0,0,1,1,0,0,0,1,0,Que se tenga en cuenta a la hora de la entrega de las tareas algun inconveniente que se produzca para poder aplazar el tiempo
Programación en PostgreSQL,PPSQL,5,5,5,5,5,5,5,5,5,5,5,5,5,5,5,0,0,1,0,0,0,0,0,1,0,"Todo bien. Se puede habilitar o crear actividades para ser resueltas en modo de equipo utilizando la misma plataforma, algo así como un trabajo que se orienta realizar en grupo en el aula. Eso permitiría que varios estudiantes puedan interactuar con el mismo ejercicio y tratar de resolverlo, o por lo menos hacer lo que otros hayan dejado a medias y entre todos poder resolverlo y que sea público para la consulta de todos los estudiantes. Eso podría ayudar al trabajo colaborativo."
Programación en PostgreSQL,PPSQL,5,4,5,4,5,5,5,5,5,3,5,3,3,5,5,1,0,1,0,1,0,0,0,0,0,"Apoyarse más en recursos educativos tales como videos.Pero en todos los sentidos estuvo muy buen estructurado el curos, estoy satisfecha."
Programación en PostgreSQL,PPSQL,4,4,4,4,4,4,4,4,3,4,5,4,3,4,5,1,0,1,0,1,0,0,0,1,0,"Creo q el tiempo para dominar los temas es un poco corto, después de todo para afianzar los conocimientos necesitamos practicarlos y cuando terminaba un cuestionario evaluativo ya tenía q ponerme d a lleno para el otro tema."
Programación en PostgreSQL,PPSQL,5,3,5,5,5,5,2,2,1,5,3,5,5,3,3,1,0,0,0,1,0,0,0,0,0,"Creo que el tiempo que disponen los alumnos entre una evaluqcion y otra es otra es poco, puesto que algunos no tenemos las condiciones ideales como conexion, computadora al tiempo completo. Por lo demas, todo estuvo excelente, unos profesores muy bien preparados y materiales muy completos."
Programación en PostgreSQL,PPSQL,4,4,4,4,5,5,4,4,4,5,4,4,4,4,4,0,0,0,1,0,1,0,0,0,0,"Pudieran hacer unos videos explicativos del contenido de cada tema, donde expongan mas criterios prácticos. Además, de un ejemplo practico de como se utilzaria PostgreSQL juntos con otros lenguajes de programacion como Python, JavaScript, Go, etc."
Programación en PostgreSQL,PPSQL,5,5,5,5,5,5,5,5,5,5,5,5,5,5,5,1,0,1,0,1,1,0,0,0,0,Incorporar más contenido al curso
Programación en PostgreSQL,PPSQL,5,3,4,4,5,4,4,5,3,4,3,3,5,3,4,0,0,0,1,1,1,0,0,0,0,"Me gustaría destacar que he desarrollado el curso desde un iMac, una computadora de escritorio apple con sistema operativo macOS Catalina y todo me funcionó a la perfección. Trabajé con la última versión disponible de PostgreSQL en aquel momento que la descargué era la 13.... e instale además la 11 que era la sugerida para el desarrollo de las actividades. No tuve tampoco ningún problema implementando la versión más reciente. Las indicaciones contenidas en el documento Preparando mi entorno de trabajo para sistema operativo Windows fueron válidas también para mi version de macOS. No tenía conocimientos previos relacionados a la materia impartida en este curso. Encontré las Lecciones 2 y 3 muy exigentes, sobretodo en cuanto a los documentos de ejemplos prácticos. Recomendaría por ejemplo, que los videos elaborados por los profesores abarquen al menos, todos los ejemplos prácticos de los documentos, y que además, adentren cuestiones más complejos que meriten ser resaltados por su relevancia o nivel de ocurrencia, así como detalles que ayuden al estudiante a ampliar la gama de conocimientos. Realmente me pareció excelente este curso. Muy corto el tiempo, por lo que toda la información recibida debo profundizarla en el tiempo a partir de ahora, para así dominar en un nivel apropiado, el trabajo de programación en PostgreSQL. Muchas gracias"
Programación en PostgreSQL,PPSQL,5,5,5,5,5,5,5,5,4,5,5,5,5,5,5,0,0,1,1,0,0,0,0,1,0,"la distribución en el tiempo a veces es muy limitada para poder aprender los conocimientos poder desarrollar las actividades con la calidad requerida, en el curso hay alumnos y trabajadores que tienen otras actividades. Por lo demas me siento complacido y satisfecho con todo lo demás, materiales, explicaciones, documentos y guías, así como de la atención siempre oportuna de los profesores. Gracias "
Programación en PostgreSQL,PPSQL,5,5,5,5,5,5,5,5,5,5,4,5,5,5,5,0,0,1,0,0,0,1,0,0,0,Considero que el curso resulta de modelo para el resto de los cursos que brinde la plataforma virtual. Es de excelencia. 
Programación en PostgreSQL,PPSQL,5,4,4,5,5,4,4,4,4,5,5,4,5,5,5,1,0,0,1,1,0,0,0,1,0,"Me hubiera gustado que crearan un horario de consulta aquí en esta página. Ya sé que con el grupo de telegram se resolvía, pero un horario específico donde ustedes estén conectados y nosotros también para así aclarar dudas. Es solo una idea. "
Programación en PostgreSQL,PPSQL,4,5,5,5,5,4,5,5,4,4,4,4,5,5,5,1,0,1,0,1,1,0,0,1,0,"Para ser mi primer curso, me pareció perfecto. Agradecer a los profesores por la asistencia y a la UCI por brindar esta oportunidad de superación en medio de una pandemia. GRACIAS!"
Programación en PostgreSQL,PPSQL,4,5,4,5,4,5,4,4,3,5,5,5,5,5,5,1,0,1,0,1,0,0,0,0,0,"Para mí es la primera oportunidad en un curso de estas características; y aunque no tengo experiencias anteriores solo les sugiero que a la hora de diseñar los cuestionarios expecíficamente en las preguntas de completar la respuesta (arrastrando el componente para el input), que formulen los ejecicios sin poner a continuación 2 o más ""input""; pues en ocaciones me fue difícil formular mi respuesta y de eso el profesor tiene constancia. Yo se que es la tecnología pero bueno si se puede mejorar bienvenido sea el cambio. Por el resto me siento alegre de que me aprobaran mi solicitud pues en las ocasiones presenciales se me pusieron difíciles las oportunidades de superación. Sin dudas aprendí varias cosas en el curso referente al tema que pienso poner en practica pronto en soluciones de mi centro de trabajo, soluciones que al final tributan en nuestro pueblo y luego de este curso a optimizar trabajos anteriores gggg. Gracias a todos los que hicieron posible la realización del curso. Atte Leandro William Camejo Suazo."
Programación en PostgreSQL,PPSQL,4,4,4,5,5,5,4,5,4,5,4,4,4,4,4,0,0,1,0,1,0,0,0,0,0,Sugiero que presenten cursos como este mas a menudo.
Programación en PostgreSQL,PPSQL,3,3,3,5,5,5,3,5,3,5,4,3,2,3,4,1,0,1,1,1,0,0,0,1,0,Hacer más video tutoriales.
Programación en PostgreSQL,PPSQL,4,3,3,4,5,4,3,4,2,4,3,3,4,3,4,1,0,0,0,1,0,0,0,0,0,Que se pongan ejemplos más completos y se de más tiempo para realizar las actividades
Programación en PostgreSQL,PPSQL,3,5,3,5,5,5,5,5,5,4,4,4,4,5,5,0,0,0,1,1,0,0,0,0,0,Deberían dar más tiempo para realizar las actividades y ejemplos más complejos. El curso fue bueno en general
Programación en PostgreSQL,PPSQL,4,5,4,4,5,4,4,4,5,5,5,4,5,4,4,0,0,1,0,0,1,0,0,0,0,"Solo un detalle. En la guía de estudio para los usuarios de Linux se recomienda el pgAdmin III. Por ejemplo, yo utilizo Ubuntu 20.04 y al intentar abrir la ventana para escribir código sql se cierra el programa https://bugs.launchpad.net/ubuntu/+source/pgadmin3/+bug/1875572Imagino que entre los que tomen el curso y usen Linux las últimas versiones de Ubuntu sean relativamente populares, quizás sea más recomendable proponer pgAdmin 4."
Programación en PostgreSQL,PPSQL,4,4,3,5,4,5,4,4,3,4,5,3,3,5,4,1,0,0,0,1,0,0,0,0,0,"Realizar actividades prácticas en conjunto, puede ser mediante el grupo de telegram o algo así, fijar un horario par resolver ejercicios y así interactuar entre los compañeros y los profesores"
Programación en PostgreSQL,PPSQL,5,5,5,5,5,5,4,4,3,5,4,4,4,4,4,1,0,1,0,1,1,0,0,0,0,"Me encuentro satisfecha con la calidad del curso, pero pienso que es reducido el tiempo de duracion del mismo"
Programación en PostgreSQL,PPSQL,5,4,5,5,5,5,5,5,3,5,5,5,5,5,5,0,0,0,1,0,0,0,0,1,0,Mejorar un poco el tema de la distribución de las actividades en el tiempo.
Programación en PostgreSQL,PPSQL,5,4,5,5,5,5,4,5,5,5,5,5,5,4,4,1,0,0,0,1,0,0,0,0,0,Incluir nuevos temas para la preparación
Programación en PostgreSQL,PPSQL,5,4,5,4,4,4,4,5,5,5,5,4,4,5,5,1,0,0,1,0,1,0,0,0,0,Nonguna. Felicitarlos por el buen trabajo realizado
Programación en PostgreSQL,PPSQL,4,4,4,3,3,3,3,3,2,3,4,4,4,4,4,1,0,1,1,1,0,0,0,1,0,"Creo, en mi criterio, al ser un curso a distancia y con alto componente de aprendisaje autodidacta, que deberia disponerse de mas tiempo y de mas ejercicios, casos y ejemplo resueltos."
Programación en PostgreSQL,PPSQL,4,5,4,4,5,4,5,5,4,4,3,4,4,5,5,1,0,1,1,1,0,0,0,1,0,Todo bien con la implementación de las clases y la preparación del curso.
Organización tutorial y evaluación del aprendizaje en la educación virtual,OTEDAEV,5,5,5,5,5,5,5,5,4,5,5,4,5,4,4,1,0,1,1,1,1,0,1,1,0,"Configurar y crear un grupo de chat interno en el curso de Moodle.Diferenciar las fechas de entrega de las actividades.Usar un diseño propio de la UCI en las plantillas en Word para la entrega de las tareas.Usar un Foro general para el ""Debate y consenso para la actividades del curso"".Configurar nuevos Bloques de Moodle en el curso.Variar más el uso de actividades y recursos en el curso.Usar webminar sobre las temáticas del curso.Al cierre del curso, socializar el PAT del curso y otros recursos didácticos sobre el curso.Socializar el cómo realizaron la actividad ""Orientaciones para la organización del trabajo grupal"".Socializar el cómo realizaron la restricción del Certificado de participación en el curso.Incluir junto a las Rúbricas de las tareas, un videotutorial como complemento al PDF de la Ayuda para adjuntar en la actividad tarea.Incluir imagenes en la ayuda para adjuntar en la actividad tarea.Exportar y Socilizar la plantilla para el disenoEncuesta de satisfacción.Configurar todos los recursos Carpeta de Moodle para la descarga completa del mismo."
Organización tutorial y evaluación del aprendizaje en la educación virtual,OTEDAEV,5,5,5,5,5,5,5,5,5,5,5,5,5,5,5,1,0,0,0,1,0,0,0,0,0,Ninguna.
Organización tutorial y evaluación del aprendizaje en la educación virtual,OTEDAEV,4,5,5,5,5,4,5,5,5,5,5,4,4,5,5,1,0,0,1,1,0,0,0,1,0,"El curso es muy bueno, en lo personal me ha ayudado mucho y creo que debe mantenerse como opción en la escuela de invierno y en otros momentos. Además, es muy pertinente. Felicidades a las dos profesoras por su preparación y mantener la motivación y la expectativa en cada uno de los temas a lo largo del mismo."
Organización tutorial y evaluación del aprendizaje en la educación virtual,OTEDAEV,5,5,5,5,5,4,5,5,5,5,5,5,5,5,5,1,0,1,0,1,0,0,0,0,0,"Las retroalimentación de las tareas deben llegar más rápido a los estudiantes, para que puedan mejorar en las tareas siguientes."
Organización tutorial y evaluación del aprendizaje en la educación virtual,OTEDAEV,5,4,5,5,5,5,5,5,4,5,5,4,5,5,5,1,0,0,0,1,0,0,0,0,0,"Me parece un excelente curso sobre todo para estos tiempos. Mi sugerencia estaría orientada a los espaciosde tiempo de una evaluación y la otra, se podría valorar espaciar un poquito mas. Por el resto muy buen curso"
Organización tutorial y evaluación del aprendizaje en la educación virtual,OTEDAEV,5,5,5,5,5,5,5,5,5,5,5,5,5,5,5,1,0,0,0,1,0,0,0,0,0,Realmente estoy muy satisfecho con la labor de los profesores y la calidad del curso. Los materiales excelentes al igual que su dedicación. Esperamos volver nuevamente a cursar otras materias. Muchas gracias por los conocimientos impartidos.
Organización tutorial y evaluación del aprendizaje en la educación virtual,OTEDAEV,5,5,5,5,5,5,5,5,4,5,4,4,5,5,5,1,0,0,1,1,0,0,0,1,0,Sugiero diversificar las actividades y dar más tiempo entre los temass
Organización tutorial y evaluación del aprendizaje en la educación virtual,OTEDAEV,5,5,5,5,5,4,5,5,5,4,4,5,5,5,5,1,0,0,1,1,0,0,0,1,0,"Para futuras ediciones deberían ser más ágiles en cuanto a la retroalimentación de las tareas previas a la Tarea Final, teniendo en cuenta que esta última integra las anteriores.Respecto al resto del curso felicito a las profesoras por la calidad de los recursos educativos y por fomentar el trabajo en equipo "
Organización tutorial y evaluación del aprendizaje en la educación virtual,OTEDAEV,4,5,5,5,5,5,5,5,5,5,4,4,5,5,5,1,0,1,1,0,1,0,0,0,0,"Agradecer por la posibilidad que me brindaron de adquirir nuevos e importantes conocimientos, sobre todo en los momentos que estamos viviendo. "
Organización tutorial y evaluación del aprendizaje en la educación virtual,OTEDAEV,5,5,5,5,5,5,5,5,4,5,5,5,5,5,5,1,0,0,0,1,0,0,0,0,0,"Ninguna sugerencia, de este curso sólo queda facilitar a todos los involucrados con el desarrollo del mismo. La ejecución de cada tarea se sintió en lo personal con mucha motivación. Muy buena ejecución del curso. "
Organización tutorial y evaluación del aprendizaje en la educación virtual,OTEDAEV,4,4,4,3,3,3,3,3,3,4,4,3,3,4,4,0,0,1,0,0,0,0,0,1,0,"Creo que deberían evaluar las tareas un poco más rápido para tratar de no cometer los mismos errores en las tareas siguientes, además de mantener una comunicación más seguida con los estudiantes."
Organización tutorial y evaluación del aprendizaje en la educación virtual,OTEDAEV,5,5,5,5,5,5,5,5,5,5,5,5,5,5,5,1,0,1,1,1,0,0,0,1,0,"Realizar la compilación de temas en un folleto o guía de estudio en extenso que permita la concentración de la atención del estudiante en un sólo material de estudio, aunque se sugieran y adjunten otros materiales complementarios. Esta acción permitirá que los estudiantes ganen en tiempo y encuentren con mayor facilidad los temas de mayoir interés para el cumplimiento de los objetivos propuestos, dado el límite de tiempo del que disponen para el curso, comnpartido con otras labores docentes y administrativas.Muchas gracias por su esfuerzo y dedicación."
Organización tutorial y evaluación del aprendizaje en la educación virtual,OTEDAEV,5,5,5,5,5,5,4,4,4,5,5,5,5,5,5,1,0,0,1,1,0,0,0,1,0,"Los plazos de entrega de las tareas fueron muy breves. Hubo severas afectaciones eléctricas en el país que afectaron el ritmo del curso. Felicitaciones para las profesoras por este excelente curso, en el cual se cumplieron todas las expectativas que tenía sobre el mismo."
Organización tutorial y evaluación del aprendizaje en la educación virtual,OTEDAEV,5,5,5,5,5,5,5,5,5,5,5,5,5,5,5,0,0,1,0,0,0,0,0,1,0,Tiene un tema interesante y super importante para el desarrollo de la educación virtual. Creo pudieran diseñarse dos cursos que profundicen independientemente en la tutoría y en la evaluación en la educacion virtual.
Organización tutorial y evaluación del aprendizaje en la educación virtual,OTEDAEV,5,5,4,5,5,5,5,5,4,4,5,4,4,5,5,1,0,1,1,1,0,0,0,1,0,desearia que se impartieran cursos para diseñar actividades evaluativas con recursos innovadores novedosos .....
Organización tutorial y evaluación del aprendizaje en la educación virtual,OTEDAEV,5,5,5,4,5,4,5,5,4,5,5,5,5,5,5,1,0,0,1,1,0,0,0,1,0,Aplazar  la  entrega  de  las evaluaciones  debido  a dificultades de conectividad  y  del  fluido  eléctrico.
Organización tutorial y evaluación del aprendizaje en la educación virtual,OTEDAEV,5,4,4,5,0,4,5,5,4,5,5,4,5,4,4,1,0,1,0,1,0,0,0,0,0,"Considero de gran utilidad contar con màs recursos edcativos audiovisuales. En los intercambios por medio del foro y el chat, ademàs del dominio de los contenidos teòricos, que se socialicen ejemplos de implementaciòn de la teorìa. Sugerencia general: Teniendo en cuenta la cantidad de materiales que hay que estudiar y otras funciones o cursos en los que un cursante podrìa estar matriculado,  en estos cursos se deberìa contar con mayor plazo de entrega entre una tarea y otra."
Organización tutorial y evaluación del aprendizaje en la educación virtual,OTEDAEV,5,0,0,0,0,0,0,0,5,0,0,0,0,0,0,0,1,0,1,1,0,0,0,1,0,"Incluir en cada tema el foro debate.Incluir en el informe de las tareas, como uno de los aspectos, la declaración de la bibliografía o fuentes utilizadas."
Organización tutorial y evaluación del aprendizaje en la educación virtual,OTEDAEV,5,5,5,5,5,5,5,5,5,5,5,5,5,5,5,1,0,1,0,1,1,0,0,0,0,Que las calificaciones se realicen en menor tiempo.
Organización tutorial y evaluación del aprendizaje en la educación virtual,OTEDAEV,5,4,5,5,5,5,4,5,4,5,5,5,5,5,5,1,0,1,1,1,0,1,0,1,0,Que la revisión de las tareas se realice con mayor prontitud o rapidez
Organización tutorial y evaluación del aprendizaje en la educación virtual,OTEDAEV,5,5,5,5,5,4,4,4,4,4,4,4,4,4,5,1,0,0,1,0,0,0,0,1,1,"Muy acertada la preparación recibida y sobre todo el intercambio con los otros profesores que permiten socializar lo saberes.Sólo tengo una pequeña sugerencia: valorar la participacion de los estudiantes en los encuentros sincrónicos a partir de su presencia, tengo la impresión que no todos participaron y de ser posible el debate que allí desarrollen sea con un orden de aspetos a tratar, cuyo moderador debe ser el profesor para que cumpla con las reglas de posibilidades reales de intercambio de dudas, aclaraciones y por qué no  sugerencias, aún cuando el foro de dudas está siempre abierto. Concretamente en este caso pudo aportarme más . Por lo demás este es el segundo curso de Verano en el que participo y cada vez me adapto más a esta modalidad, porque entre otras cosas siempre lo tutorean profesionales de altísima calidad demostrada. Muchas Gracias, espero el próximo, no les quepa diudas que lo multiplicaré en mi entidad."
Organización tutorial y evaluación del aprendizaje en la educación virtual,OTEDAEV,5,5,4,4,5,5,5,5,4,5,5,0,0,5,5,1,0,0,1,0,0,0,0,1,0,"Trabajar con un poquito más de tiempo y la organización de mos equipos más guiados, con más orientación."
Organización tutorial y evaluación del aprendizaje en la educación virtual,OTEDAEV,5,4,4,4,5,4,5,5,3,5,5,5,5,5,5,0,0,0,1,0,1,0,0,0,0,"El curso fue muy satisfactorio, solo creo que la formación de equipos no tuvo una orientación correcta, pues los integrantes de los equipos necesitan tener alguna afinidad profesional al menos, para poder diseñar un PAT que responda a intereses de todos. Al conformar la matrícula, si el trabajo en equipo va a ser una exigencia tan rígida, es menester tener en cuenta la posibilidad que los integrantes dispongan de información sobre los miembros del grupo para formarequipos. Si en la matrícula hay personas de un mismo centro y especialidad es posble encontrar contenidos quepuedan ajustarse a las características de sus miembros, de lo contrario es difícil loigrar en tan corto tiempo identificar contenidos que pyuedan trabajarse desde diferentes especialidades. Por supuesto que me refiero a temas de la docencia universitaria. De todas formas la experiencia permitió relacionarnos personas desconocidas hasta este moemento lo cual siempre es satisfactorio. Agradezco a las profesoras el esfuerzo realizado y los saberes aportados. Saludos y cuídense. Fundora"
Organización tutorial y evaluación del aprendizaje en la educación virtual,OTEDAEV,5,4,5,5,5,4,5,5,5,5,5,4,5,5,5,1,0,0,1,1,0,0,0,1,0,Usar otras tipologías de actividades
Organización tutorial y evaluación del aprendizaje en la educación virtual,OTEDAEV,5,5,5,1,5,5,5,5,5,5,5,4,5,5,5,1,0,0,1,1,0,0,0,1,0,"Considero que él curso es muy importante para los profesionales de la educación superior, recomiendo aumentar los plazos para la entrega de las actividades evaluativad"
Organización tutorial y evaluación del aprendizaje en la educación virtual,OTEDAEV,4,5,5,5,4,5,4,5,5,4,5,5,5,4,4,0,0,0,1,0,0,0,0,1,0,Usar otros tipos de actividades
Organización tutorial y evaluación del aprendizaje en la educación virtual,OTEDAEV,5,5,5,5,5,5,5,5,5,5,5,5,5,5,5,0,0,1,0,0,1,0,0,0,0,"Aprendí en el curso, conceptos nuevos, aunque había pasado un curso para trabajar Moodle, me resulto novedoso. Sugiero que la barra de progreso se actualice en correspondencia con la participación que elestudiante tenga, por ejemplo, la primera barra mía esta en azul y yo participé en todos los foros. Muchas gracias"
Organización tutorial y evaluación del aprendizaje en la educación virtual,OTEDAEV,5,5,5,5,5,5,4,5,5,5,5,5,5,4,4,1,0,0,1,1,0,0,0,1,0,"Extender los plazos de entrega de las tareas y otras actividades evaluadas, dado los fallos eléctricos crecurrentes que hemos tenido. El curso fue una excelente oportunidad de aprendizaje.  felicitaciones para las profesoras y su equipo de apoyo del Cened."
Métodos de evaluación de criterio de expertos,MECE,5,5,4,5,5,5,5,5,5,5,5,4,5,5,5,0,0,1,1,0,0,0,0,1,0,Sugiero se aborden otros métodos de evaluación 
Métodos de evaluación de criterio de expertos,MECE,5,5,5,5,5,3,5,5,4,4,4,4,5,5,5,0,0,1,1,1,0,0,0,1,0,Sugerencia:Establecer canales de comunicación con los estudiantes más interactivos
Métodos de evaluación de criterio de expertos,MECE,5,4,5,5,5,5,5,5,5,5,5,5,5,5,5,1,0,0,0,1,0,0,0,0,0,Mantener la interacción de los profesores y estudiantes en todo momento.
Métodos de evaluación de criterio de expertos,MECE,4,5,4,5,5,4,5,4,5,5,5,5,5,5,5,1,0,1,1,1,0,0,0,1,0,Pueden utilizar medios audio visuales aunque sólo contengan audios. Hubo documentos de la bibliografia q no se pudie4on descarga r por lo q se podria inclui4 ya desde el inicio en el curso.
Métodos de evaluación de criterio de expertos,MECE,5,5,5,5,5,5,5,5,5,5,5,5,5,5,5,0,0,0,1,0,0,0,0,1,0,Muy bien estructurado y diseñado el curso.
Métodos de evaluación de criterio de expertos,MECE,5,5,5,5,5,5,5,5,5,5,5,5,5,5,5,1,0,1,0,1,0,1,0,0,0,"Sugiero que la orientación del tema, que era lo primero que aparecía en cada tema se pueda obtener como PDF, para su descarga."
Métodos de evaluación de criterio de expertos,MECE,3,4,4,4,5,5,4,5,4,5,5,3,4,4,4,1,0,1,1,1,0,0,0,1,0,"Teniendo en cuenta que la mayoría de los cursistas no tiene perfil matemático en su formación, pienso que en los materiales de preparación de los procedimientos estadísticos para las fórmulas matemáticas podrían ser más explicativos e ilustrativos mostrando cada uno de los pasos. En ocasiones veía las fórmulas y los datos numéricos y no sabía bien de dónde salían dichos datos.En la configuración del examen hubo una pregunta en la que se debía arrastrar y ordenar las etapas para la aplicación de los métodos de criterio de expertos pero esta actividad no se dejaba organizar. Por mucho que intentaba arrastrar no se movían las opciones. Se debería usar otro tipo de actividad de las que ofrecen las plataformas interactivas.Pienso que el curso podría tener una etapa introductoria en la que se trabaje con los cursistas los procedimientos de cómo piensan aplicar los métodos del criterio de expertos en sus investigaciones. Por ejemplo, en la etapa del cálculo del coeficiente de competencia K en algunos artículos se orienta que los investigadores pueden brindarle a los expertos un sistema de indicadores que les permita evaluarse en cada uno de los elementos teniendo en cuenta las escalas Alta, Media o Baja.De manera general, el curso fue muy informativo y ayudó a definir cómo aplicar el criterio de expertos y ganar un cierto nivel de conocimiento de cómo aplicar los métodos para la evaluación por el criterio de expertos."
Métodos de evaluación de criterio de expertos,MECE,5,4,4,4,5,5,4,4,3,4,4,5,4,5,4,1,0,0,1,1,0,0,1,1,0,"Sugeriría un poco más de tiempo a los cursos. En cada escuela de invierno y verano propongo lo mismo la razón, el disfrute del conocimiento que se adquiere con estos cursos."
Métodos de evaluación de criterio de expertos,MECE,5,5,5,5,5,5,5,5,5,5,5,5,5,5,5,0,0,0,1,0,0,0,0,1,0,Los materiales del curso son de muchisíma ayuda para aplicar los metodos de expertos en investigaciones científicas. Su generalización sería muy bueno
Métodos de evaluación de criterio de expertos,MECE,5,5,5,5,5,5,5,5,5,5,5,5,5,5,5,1,0,1,1,1,0,1,0,0,1,"Considero ha sido muy provechoso el curso, muy bien diseñado, implementado, y ejecutado por la profesora, en esta modalidad a distancia."
Métodos de evaluación de criterio de expertos,MECE,5,5,5,5,5,5,5,5,5,5,5,5,5,5,5,0,0,0,1,1,1,0,0,1,0,"Para mi es una Doctara que en su materia está excelentemente bien preparada. Que sida así, se eniende y raliza aclaraciones oportunas."
Métodos de evaluación de criterio de expertos,MECE,5,5,5,5,5,5,5,5,5,5,5,5,5,5,5,0,0,1,0,0,0,0,0,1,0,"Todo correcto, un gran curso."
Métodos de evaluación de criterio de expertos,MECE,4,3,3,3,5,3,3,4,5,5,5,3,5,3,3,1,0,0,0,1,0,0,0,0,0,Realizar mayor cantidad de información cualitativa que permita entender mejor los cálculos estadísticos.
Métodos de evaluación de criterio de expertos,MECE,5,5,5,5,5,5,5,5,5,5,5,5,5,5,5,1,0,0,0,1,0,0,0,0,0,Muy satisfactoria experiencia de aprendizaje
Métodos de evaluación de criterio de expertos,MECE,5,4,4,5,5,5,5,5,5,5,5,5,5,5,5,1,0,0,0,1,0,0,0,0,0,Mantener la calidad del curso.
Métodos de evaluación de criterio de expertos,MECE,5,5,5,5,5,5,5,5,5,5,5,5,5,5,5,1,0,0,0,1,0,0,0,0,0,Continuar realizando próximas ediciones 
Métodos de evaluación de criterio de expertos,MECE,4,5,4,5,5,5,4,5,5,4,5,5,4,5,5,1,0,0,0,1,0,0,0,0,0,"Considero que el curso estuvo muy bien preparado, siempre existió la retroalimentación con la profesora y demás cursistas. Las bibliografías estaban accesibles, Los medios de interacción fueron satisfactorios. Y a pesar de no haber conocido el tema anteriormente, culminé satisfecha con los resultados y lo aprendido."
Métodos de evaluación de criterio de expertos,MECE,5,5,5,5,5,4,4,5,3,3,5,5,5,5,4,1,0,1,1,1,1,0,0,1,0,Mayor claridad en la orientación de las tareas a realizar
Métodos de evaluación de criterio de expertos,MECE,5,4,4,5,5,5,3,4,4,4,5,3,5,4,4,1,0,1,0,1,1,0,0,0,0,"En sentido general el curso me pareció muy bueno, pero para que lo sigan mejorando pudiera recomendarles que añadan recursos en formato de video."
Métodos de evaluación de criterio de expertos,MECE,5,5,5,5,5,5,5,5,5,5,5,5,5,5,5,0,0,0,1,0,0,0,0,1,0,Todos los aspectos del curso son de muchisíma ayuda para aplicar los métodos   de expertos en investigaciones científicas.
Métodos de evaluación de criterio de expertos,MECE,5,4,4,5,5,5,4,5,5,4,5,5,5,5,5,1,0,0,0,1,0,0,0,0,0,"No tengo ninguna sugerencia para que mejoren el curso,ya q todo está a la mano.Cuando comencé el curso no sabía nada acerca de ese tema pero me gustó y m interesó mucho, los recursos educativos que mandaron en cada tema con la bibliografía estaba muy buena ya que todo se entendía muy bien"
Métodos de evaluación de criterio de expertos,MECE,5,4,4,5,5,5,5,5,5,5,5,5,5,5,5,1,0,1,1,1,1,0,0,1,0,Poner como bibliografía optativa investigaciones cubanas que empleen diversos tipos de evaluación de expertos
Métodos de evaluación de criterio de expertos,MECE,5,5,5,5,5,5,5,5,5,5,5,5,5,5,5,1,0,1,0,1,1,0,0,0,0,Sugiero dedicarle un mayor espacio a la ejemplificación de  los métodos empleados.
Métodos de evaluación de criterio de expertos,MECE,4,5,3,5,5,4,1,5,3,2,5,4,5,4,4,1,0,1,1,1,1,0,0,1,0,"El curso está muy bueno e instructivoTuvo en contra que se dio durante una pandemia, co latas restricciones para los cursistas y los profesoresTambién tuvo en contra que se impartió en un período de constantes apagonesY de contra un ciclónPor eso se pudo ser flexible en las fechas de entrega de los trabajosYo tuve en contra que mi investigación no ha comenzado, por lo que tuve que tomar datos hipotéticos, lo que no me permitió sacar conclusiones de los resultados con respecto a mi investigación. También tuve en contra que no tengo buena preparación e estadística"
Métodos de evaluación de criterio de expertos,MECE,5,5,5,5,5,5,5,5,5,5,5,5,5,5,5,0,0,1,0,0,0,1,0,0,0,FELICITO A LA MAESTRA Y A LA INSTITUCIÓN
Introduction to business intelligence,IBI,5,5,5,5,5,5,5,5,5,5,5,5,5,5,5,1,0,1,0,1,0,0,0,0,0,No tengo
Introduction to business intelligence,IBI,5,5,5,5,5,5,5,5,5,5,5,3,5,5,5,1,0,1,0,1,0,0,0,0,0,"El curso tiene mucho contenido de valor pero sería interesante diversificar más l variedad de los recursos utilizados, como por ejemplo incluir vídeos explicativos, objetos de aprendizaje, infografías etc"
Introduction to business intelligence,IBI,5,5,5,5,5,5,5,5,5,5,5,5,5,5,5,1,0,0,0,1,0,0,0,0,0,"Exhortar a los profesores a que sigan trabajando como lo hacen, con tanta dedicación. Gracias por todo el apoyo y orientación en el curso"
Introduction to business intelligence,IBI,3,3,3,3,3,3,3,3,3,3,3,3,3,3,3,1,0,0,1,1,0,0,0,0,0,"Fue un curso atípico primero porque hubo problemas para su inicio y luego por las condiciones del país, apagones y a veces sin internet para poder acceder al mismo. Creo que se debería de tratar de buscar las vías para que hubiera mayor retroalimentación entre los estudiantes y el profesor. "
Introduction to business intelligence,IBI,4,4,4,4,5,4,4,5,4,4,4,4,5,5,5,0,0,0,1,0,0,0,0,1,0,Facilitar otros materiales bibliográficos de diversas fuentes que coadyuven a una mucho más completa e integral preparación por parte de los estudiantes.Felicitaciones por toda la labor y éxitos en nuevos empeños!!! Gracias por ayudarnos a seguir aprendiendo!!!
Introduction to business intelligence,IBI,5,4,4,4,5,5,5,5,4,5,5,4,5,4,4,1,0,0,1,1,0,0,0,1,0,"El curso está muy bueno, con contenido actual dirigido a un sector de IT que esta aún en crecimiento en nuestro país y que no es muy abundante. Los principales beneficiados de este curso pueden ser los analistas de datos, sobre todo aquellos que dan sus primeros pasos, pues la teoría que aporta el curso está muy buena.Solo una acotación: la bibliografía obligatoria sería excelente que fuera aportada dentro de los Learning Resources de cada módulo, los libros de IT son complicados de encontrar y descargar. Los materiales extra el estudiante si debe buscarlos y poner de su parte para ahondar en el conocimiento como Uds. sugieren.Buen curso y ojalá hayan otros en el futuro como este!Buena suerte!"
Introducción al desarrollo con Spring Boot,IDSB,4,3,3,4,4,4,4,5,4,3,5,5,5,3,3,1,0,0,1,1,0,0,0,1,0,Más intercambio con los profesores.
Introducción al desarrollo con Spring Boot,IDSB,5,5,4,5,5,5,5,4,4,4,5,5,4,5,5,0,0,0,1,0,0,0,0,1,0,"En situaciones normales me parece todo muy correcto, pero debido a los problemas que actualmente estamos presentando con el tema COVID-19 se torna un poco corto el tiempo para el desarrollo de algunas tareas, aún así me parece que el curso estuvo muy bueno y con unos profesores que se notaba que sabían del tema y con una atención bastante rápida y oportuna."
Introducción al desarrollo con Spring Boot,IDSB,5,5,5,5,5,5,5,5,5,5,5,5,5,5,5,0,0,0,1,1,0,0,0,0,0,Nada
Introducción al desarrollo con Spring Boot,IDSB,5,5,4,5,5,5,5,4,4,5,5,5,4,5,5,1,0,0,1,1,1,0,0,1,0,"El curso me pareció muy bueno, lo único que sugiero es chequear el tiempo para el desarrollo de las actividades."
Introducción a las Redes Sociales en Internet,IRSI,5,5,5,5,5,5,5,5,4,5,4,5,5,5,5,0,0,1,0,0,0,0,0,1,0,"Muy satisfecho con el curso, espero que realicen otros similares sobre el tema. Saludos"
Introducción a las Redes Sociales en Internet,IRSI,5,5,5,5,5,5,5,5,5,5,5,5,5,5,5,0,0,0,1,0,0,0,0,1,0,"El curso me pareció muy interesante y cumplió todas mis espectativas, las profesoras tuvieron buena comunicación con nosotros siempre atendiendo nuestras dudas y dándonos nuevos conocimientos."
Introducción a las Redes Sociales en Internet,IRSI,4,4,5,5,4,4,4,5,3,4,4,5,5,5,4,0,0,1,1,1,0,0,0,1,0,Mantener el excelente trabajo.
Introducción a las Redes Sociales en Internet,IRSI,5,5,5,5,5,5,5,5,5,5,5,5,5,5,5,0,0,0,1,1,0,0,0,1,0,"Excelente curso, la verdad he tenido que estudiar y documentarme mucho, pues el curso así lo exige. mis felicitaciones."
Introducción a las Redes Sociales en Internet,IRSI,5,5,5,5,5,5,5,5,5,5,5,5,5,5,5,0,0,0,1,0,1,0,0,0,0,Muy bueno el curso
Introducción a las Redes Sociales en Internet,IRSI,3,3,3,4,4,3,3,5,3,3,4,3,4,3,3,1,0,1,0,1,0,0,0,1,0,"Me gustaría para proximas ediciones del curso que dieran knowhows funciones no comunes que tienen estas redes. Al igual que profundizaran en un grupo de herramientas que tienen las redes como facebook, que permiten administrar mejor tus paginas."
Introducción a las Redes Sociales en Internet,IRSI,5,0,4,5,5,5,5,5,5,5,5,5,5,5,0,1,0,0,0,1,0,0,0,0,0,Todo bien 
Introducción a las Redes Sociales en Internet,IRSI,5,5,5,5,5,5,5,5,5,5,5,5,5,5,5,1,0,1,0,1,0,0,0,1,0,Muy interesante todo lo aprendido sobre todo por la introducción al redes sociales como linkedin la cual no había utilizado y seguir conociendo sobre las redes sociales que hoy suponen una de las formas de comunicación más importante desde mi punto de vista. Gracias una vez más por la oportunidad. 
Introducción a las Redes Sociales en Internet,IRSI,5,5,5,5,5,5,5,5,5,5,5,5,5,5,5,1,0,0,1,1,0,0,0,1,0,"Sugiero que se tome a la red social de Instagram como tema de estudio, debido al gran aguge que está tomando actualmente"
Introducción a las Redes Sociales en Internet,IRSI,5,5,5,5,5,5,5,5,5,5,5,5,5,5,5,1,0,1,1,0,1,0,0,1,0,Agradecer a las profesoras por la oportunidad de compartir e intercambiar .Me gustaria una segunda edición para adentrarnos en las métricas de las RS
Introducción a las Redes Sociales en Internet,IRSI,5,5,5,5,5,5,5,5,5,5,5,5,5,5,5,1,0,1,1,1,0,0,0,1,0,"El curso me ha sido de mucho aprendizaje, muy bueno, pero muy poco tiempo para resolver las actividades"
Introducción a las Redes Sociales en Internet,IRSI,5,5,5,5,4,5,4,5,5,5,5,4,4,5,5,0,0,1,0,0,0,0,0,1,0,realizar actividades más prácticas
Introducción a las Redes Sociales en Internet,IRSI,5,5,5,5,5,5,5,5,4,5,5,5,4,5,5,1,0,1,0,1,0,1,0,0,0,"En la elaboración de las actividades usar  ejemplos   para una mejor claridad de lo que hay que hacer, En mi caso tuve problemas  para crearme la cuenta de Researchgate nunca llego la aceptación la solicitud.  Por lo  demás todo excelente."
Introducción a las Redes Sociales en Internet,IRSI,5,5,5,5,5,5,5,5,5,5,5,5,5,5,5,1,0,1,1,1,0,0,0,1,0,Ampliar el contenido en cada tema
Introducción a las Redes Sociales en Internet,IRSI,5,5,5,5,5,5,5,5,3,5,5,5,5,4,5,0,0,0,1,0,0,0,0,1,0,"He realizado ya dos cursos con ustedes y en realidad son cursos de muy buena calidad, pero deben evaluar el tiempo que le dan a los temas y el curso en general. Lo primero que me planteo es que es un curso a distancia y realmente no se puede aprender a un ritmo personalizado porque hay mucha presión con el tiempo. En lo particular yo hubiese necesitado un poco más de tiempo para poder revisar al menos la mayor parte de los materiales, cosa que voy a hacer una vez que concluya el curso porque en realidad el tema me interesa mucho. Eso es todo evaluar el tiempo porque además no es lo único que uno hace cuando matricula un curso a distancia. Los felicito por lo bien estructurado que tiene el curso y por la labor de los profesores. Un abrazo."
Introducción a las Redes Sociales en Internet,IRSI,5,5,5,5,5,5,5,5,5,5,5,5,5,5,5,1,1,1,1,1,1,0,0,0,0,Todo muy bien. Gracias por todo
Introducción a las Redes Sociales en Internet,IRSI,5,5,5,5,5,5,5,5,5,5,5,5,5,5,5,1,0,1,0,0,1,0,0,0,0,Muy buen curso! Gracias a los profesores!
Introducción a las Redes Sociales en Internet,IRSI,5,5,5,5,5,5,5,5,5,5,5,5,5,5,5,0,0,0,1,0,0,0,0,1,0,"Sin sugerencias, pienso que ha tenido un nivel muy alto por la informacion brindada y sobre todo por los trabajos y evaluaciones realizadas"
Introducción a las Redes Sociales en Internet,IRSI,5,5,5,5,5,5,5,5,5,5,5,5,5,5,5,0,0,1,0,0,1,0,0,0,0,Estimular más el trabajo colaborativo entre los cursillistas.
Introducción a las Redes Sociales en Internet,IRSI,5,5,5,5,5,5,5,5,5,5,5,5,5,5,5,0,0,0,1,0,0,0,0,1,0,"Invito al claustro de profesores a mantenerse como hasta ahora, asi obtendrán muchos exitos "
Introducción a las Redes Sociales en Internet,IRSI,5,5,5,5,5,5,5,5,5,5,5,5,5,5,5,1,0,0,1,1,1,0,0,1,0,"Mantener y continuar Este curso, es de necesaria atención para poseer cada vez un lenguaje y calidad en el trabajo con las Redes Sociales en Internet."
Introducción a las Redes Sociales en Internet,IRSI,5,5,5,5,5,5,5,5,5,5,5,5,5,5,5,1,0,1,0,0,1,0,0,0,0,Excelente este curso! 
Introducción a las Redes Sociales en Internet,IRSI,4,4,4,5,5,5,4,4,5,4,4,4,4,5,5,0,0,0,1,0,0,0,0,1,0,Incorporar más bibliografia relacionada con los temas que se evaluarán en los cuestionarios.
Introducción a las Redes Sociales en Internet,IRSI,5,5,5,5,5,5,5,5,5,5,5,5,5,5,5,1,0,1,0,1,0,0,0,0,0,"Muy bueno el curso, cumplió con mis expectativas, espero participar en otras ediciones."
Introducción a las Redes Sociales en Internet,IRSI,5,5,5,5,5,5,5,5,5,5,5,5,5,5,5,1,0,0,1,1,1,0,0,1,0,No tengo sugerencias. El curso fue de mi agrado. Me gustó la plataforma. Me permitió organizar mis horarios.
Introducción a las Redes Sociales en Internet,IRSI,5,5,4,5,5,5,4,5,5,5,5,4,5,5,5,1,0,1,0,1,0,0,0,1,0,El curso de manera general al ser introductorio a las redes sociales se encuentra organizado de manera correcta. Colocar los documentos en lugar de los enlaces para su descarga puede ser de gran utilidad.Interesante fue la sugerencia a seguirnos en las redes sociales. Creo que sería importante realizar más actividades como la relacionada con las publicaciones con las noticias de las vacunas.
Introducción a las Redes Sociales en Internet,IRSI,5,5,5,5,5,5,5,5,5,5,5,5,5,5,5,1,0,1,1,1,0,0,0,1,0,"Recomiendo acompañar las presentaciones con la voz del profesor, puede ser de gran ayuda a la hora de exponer los contenidos."
Introducción a las Redes Sociales en Internet,IRSI,5,5,5,5,5,5,5,5,5,5,5,5,5,5,5,1,0,0,1,1,0,0,0,1,0,"En mi opinión un Curso muy bien elaborado y con una excelente puesta en ejecución, mantengan lo logrado!!! Gracias a las profesoras por su tiempo y conocimiento."
Introducción a las Redes Sociales en Internet,IRSI,3,4,5,4,5,5,5,5,4,5,5,5,5,5,5,0,0,0,1,0,0,0,0,1,0,Transmitir mejor lo que se quiere en las tareas a entregar.
Introducción a las Redes Sociales en Internet,IRSI,5,5,5,5,5,5,4,4,5,5,5,5,5,5,5,1,0,0,1,1,0,0,0,1,0,"Incluir dentro del programa de estudio, el análisis de la red social Instagram y de las redes sociales nacionales, dígase Todus y Picta."
Introducción a las Redes Sociales en Internet,IRSI,5,5,5,5,5,5,5,5,5,5,5,5,5,5,5,1,1,1,0,1,0,0,0,0,0,"Sugiero se eleve la cantidad de participantes en los cursos de las diferentes universidades, priorizando a los de la especialidad Informática, dado que a los docentes y más cuando somos también de la especialidad nos es significativo para nuestra formación la actualidad de los cursos que nos ofertan como centro rector del desarrollo de la Informática en Cuba, y el alto nivel de dominio de los temas por los profesores, que han logrado la especialización en las diferentes disciplinas. Reconocer el esfuerzo y sacrificio de los docentes que han preparado e intervenido en el curso por las largas horas de preparación del mismo para que tenga una calidad optima con los medios didácticos necesarios, y un nivel de profundización acorde a nuestras expectativas. El curso ha tenido novedades. Felicidades a los profesores!!!"
Introducción a las Redes Sociales en Internet,IRSI,5,5,5,5,5,4,4,5,4,5,5,5,4,5,5,1,0,0,0,1,0,0,0,0,0,Todo muy bueno e interesantes. Solo que no pude participar en un chat en directo. Pero me siento satisfecha 
Introducción a las Redes Sociales en Internet,IRSI,4,4,4,4,4,3,4,4,4,4,5,4,5,4,4,1,0,0,0,1,0,0,0,0,0,"Me gustaría hubiesen profundizado más en las clases de RS para la Investigación, esencialmente ResearhGate, que no resulta de las más conocidas o empleadas en la comunidad digital. "
Introducción a las Redes Sociales en Internet,IRSI,5,5,5,5,5,5,5,5,5,5,5,5,5,5,5,1,0,0,0,1,0,0,0,0,0,"Considero q el curso esta muy integral y abarca gran cantidad de objetivos, mis expectativas las cumplió y sería provechoso q se hiciera extensivo a otros profesionales q como yo no somos graduados de ingeniería, "
Introducción a las Redes Sociales en Internet,IRSI,5,5,5,5,5,5,5,5,4,5,5,5,5,5,5,1,0,0,1,1,0,0,0,1,0,"Me encuentro muy satisfecha con el desarrollo del curso, me gustó participar con ustedes y el apoyo de las profesoras. Le sugiero continuar trabajando así, con esa calidad y con la organización de los cursos."
Introducción a las Redes Sociales en Internet,IRSI,4,5,4,4,4,4,4,4,4,4,5,5,5,4,5,1,0,0,1,1,0,0,0,0,0,"Des mi experiencia personal tuve una pequeña incidencia con Research Gate por no poseer un correo institucional. Recomiendo que se tenga en cuenta ese tipo de indicadores para eventos futuros, o sea la posibilidad de que no todos los participantes en los cursos con este perfil tengan este tipo de cuentas de correo. Por lo demás muy satisfecho con lo aprendido. Gracias por todo realmente me sirvió para conocer mejor mis redes sociales"
Introducción a la evaluación de la usabilidad de sistemas informáticos,IEUSI,5,5,5,5,5,5,5,5,4,5,5,5,5,5,5,1,0,1,0,1,0,0,0,0,0,Considero que el curso ha sido bastante completo. Me dio otra perspectiva para profundizar y superarme en mi trabajo. Muchas gracias.
Introducción a la evaluación de la usabilidad de sistemas informáticos,IEUSI,4,4,4,5,5,5,4,5,5,5,4,4,5,4,4,1,0,0,0,1,0,0,0,0,0,Que el curso tenga una mayor duración para poder realizar las actividades evaluativa con más tiempo y mejor calidad
Introducción a la evaluación de la usabilidad de sistemas informáticos,IEUSI,3,3,4,5,5,5,4,4,4,5,5,4,4,4,4,0,0,1,1,0,0,0,0,1,0,"Abundar más en lo relacionado con la usabilidad de sistemas informáticos, extender el curso mas tiempo."
Introducción a la evaluación de la usabilidad de sistemas informáticos,IEUSI,5,5,5,5,5,5,5,5,4,5,5,5,5,5,5,0,0,1,0,1,1,0,0,0,0,Hata el momento todo ha sido muy satisfactorio
Introducción a la evaluación de la usabilidad de sistemas informáticos,IEUSI,5,5,5,5,5,5,5,4,5,5,5,5,5,5,5,1,0,0,1,1,0,1,0,1,0,"Verdaderamente por mi, la unica sugerencia, es que sigan con esa excelencia del servicio, muy bueno, los felicito."
Introducción a la evaluación de la usabilidad de sistemas informáticos,IEUSI,4,4,3,5,4,4,4,4,4,5,5,5,5,5,5,0,0,1,0,0,0,0,0,1,0,"Sugiero el uso de otras herramientas y técnicas que ayuden en el proceso de enseñanza y aprendizaje del curso, como por ejemplo: mapas mentales, actividades prácticas, videos, casos de estudio."
Introducción a la evaluación de la usabilidad de sistemas informáticos,IEUSI,4,4,4,5,5,5,5,5,3,5,5,5,5,5,5,1,0,1,0,1,0,0,0,1,0,"Agradezco a los profesores por su pronta y oportuna orientación en todo momento a través, del grupo de telegram! Gracias por sus conocimientos puestos a nuestro alcance y la bibliografía actualizada.Sugiero que se dedique un poco más de tiempo al curso para no atropellar los contenidos, a distancia no es lo mismo que presencial y considero que teniendo un poco más de tiempo ayuda a asimilar mejor los conocimientos! "
Introducción a la evaluación de la usabilidad de sistemas informáticos,IEUSI,5,5,5,5,5,5,5,5,4,5,5,5,5,5,5,1,0,1,0,1,1,0,0,0,0,Mostrar imágenes y videos de aplicaciones con defectos de usabilidad
Introducción a la evaluación de la usabilidad de sistemas informáticos,IEUSI,5,5,5,5,5,5,5,5,5,5,5,5,5,5,5,0,0,1,0,1,0,0,0,0,0,"El curso me brindo conocimientos acerca de la usabilidad, los profesores dominan el contenido y brindaron diferentes recursos interactivos que permitieron la adecuada apropiacion de los contenidos. Estoy muy satisfecha con el curso."
Introducción a la evaluación de la usabilidad de sistemas informáticos,IEUSI,4,4,5,5,5,4,4,4,3,5,4,4,4,4,4,1,0,1,0,1,0,1,0,0,0,"El curso estuvo muy bueno, sugiero que dentro de las posibilidades lo monten con seguimiento de tareas, como lecciones, donde se pueda ir marcando las tareas que se van realizando por los estudiantes y poder llevar un mejor control de los avances."
Introducción a la evaluación de la usabilidad de sistemas informáticos,IEUSI,5,5,5,5,5,5,5,5,5,5,5,5,5,5,5,1,0,0,0,1,0,0,0,0,0,"El curso además de estar excelentemente concebido brindó un modelo de estructuración de un aula virtual con el aprovechamiento óptimo de recursos y herramientas para la Educación a distancia, lamentablemente esta etapa a coincidido con sistemáticos apagones y restricciones por la Covid que han incidido en mi caso particular en una comunicación sistemática y el tiempo restringido para la realización y entrega de tareas.El curso ha sido excelente y la temática muy pertinente. "
Introducción a la evaluación de la usabilidad de sistemas informáticos,IEUSI,4,5,4,5,5,5,4,5,3,5,5,4,5,4,5,0,1,1,0,1,0,0,0,0,0,"De sugerencias tengo el tema de la distribución en el tiempo, y el tiempo de duración del curso, también sería más interesante contar con otros materiales como conferencias, entrevistas, otros recursos como videos, podcasts."
Introducción a la evaluación de la usabilidad de sistemas informáticos,IEUSI,3,4,3,5,5,4,4,4,4,5,3,3,3,2,2,1,0,1,1,1,0,0,0,1,0,Aplicar aspectos más prácticos en lugar de tanta teoría
Introducción a la evaluación de la usabilidad de sistemas informáticos,IEUSI,5,5,4,5,5,5,5,5,5,4,5,5,5,5,5,1,0,1,0,1,1,0,0,1,0,"En general para mí el curso fue productivo ya que hasta el momento sabía que la usabilidad era un requisito no funcional en el desarrollo de software, pero no sabía que importancia representaba la misma en dicho proceso. En cuanto a que puede mejorar la calidad del curso, uno de los aspectos es que existan más forum para intercambiar y con respecto al ejercicio de la ficha técnica que exista una mejor explicación por parte de los profesores a que signica cada métrica por que se hace muy tediosa su entendimiento. Solo estás dos pequeaás recomendaciones porque en cuanto a bibliografía fue bastante amplia y diversa."
Introducción a la evaluación de la usabilidad de sistemas informáticos,IEUSI,4,5,4,5,5,5,5,5,5,5,4,4,5,5,5,1,0,1,1,1,1,0,0,1,0,"Considero que el curso a pesar de ser a distancia contó con el asesoramiento constante de los profesores, las temáticas abordadas en el mismo cumplen con las expectativas trazadas con el curso y los métodos de evaluación fueron constantes y exigentes, lo que se traduce en un aprendizaje aún mayor y por tanto en el cumplimiento satisfactorio de los objetivos por los cual se deició optar a cursarlo."
Introducción a la evaluación de la usabilidad de sistemas informáticos,IEUSI,5,5,5,5,5,5,5,5,5,5,5,5,5,5,5,0,0,1,0,0,0,0,0,0,1,Todo bien
Introducción a la evaluación de la usabilidad de sistemas informáticos,IEUSI,5,4,5,5,5,5,4,5,4,5,5,5,5,5,5,1,0,1,0,1,1,0,0,0,0,"Creo que es curso esta muy bien concebido, quizás las evaluaciones pudieran ser mas sencillas en función del tiempo del curso, aprendí mucho, de un tema que no tenía casi nada de información y conocimiento, lo que limito que mis evaluaciones fueran mejores, pero lo disfrute, aprendí, seguiré profundizando para aplicarlogracias"
Introducción a la evaluación de la usabilidad de sistemas informáticos,IEUSI,3,5,4,4,4,3,4,4,4,2,5,3,4,5,5,0,0,0,1,1,0,0,0,0,0,"Desde un inicio no me pude incorporar al curso, vi en uno de los correos que se iba a crear una canal de telegram para mejorar el intercambio, al cual no tuve oportunidad de pertenecer, escribi un correo solicitandolo pero en un final no supe si se creó o no.Mi mayor dificultad estuvo en que bajé los pdf de las orientaciones y en el Tema II, lei en el pdf una orientación y luego cuando voy a subir el trabajo en el sitio había otra orientación diferente con respecto a la tarea dos, una era la del mapa conceptual y otra era la de utilizar la ficha tecnica y la valoración. Ahí estuve un poco perdida, los chat de la tarea dos no los vi, entré atrasada pues no pude conectarme a la hora prevista aunque solo vi compañeros que entraron no hubo temas como con respecto al tema I, tal vez se hizo por telegram.  Mi sugerencia es que haya mayor comunicación entre lo profesores y los alumnos"
Introducción a la criptografía y sus aplicaciones,ICyA,4,3,3,4,0,5,5,5,4,5,5,4,5,3,3,1,0,0,1,1,0,0,0,1,0,"Enriquecer más los métodos de enseñanzas como a través de videos hechos por los profesores, ejemplos prácticos explicados por ellos..., al menos lo básico. Para mi este tema es complejo por lo amplio que es y lo requiere.Por lo demás muy bien. Gracias "
Introducción a la criptografía y sus aplicaciones,ICyA,5,5,5,5,5,5,5,5,4,5,5,4,5,5,4,0,0,1,1,1,0,0,0,1,0,"En mi opinión es es muy corta la duración entre actividades, no hablo de espacio de una semana, pero apenas dos días, y son cursos de postgrado, los cursantes no sólo están pendientes a las labores del curso, sino que hay contenido de trabajo, y es tanta la tensión con el calendario y cierre de las tareas que a veces no te deja ni aprender como te gustaría. Por otra parte en el cuestionario 4, no fue de mi agrado las dos preguntas en las que se tenía que teclear la palabra para hacer el completamiento de la idea. Ahí se corre el riesgo como me pasó de teclear mal y ya que te tome como equivocación, cuando el error es de ortografía no te contenido, hubiera sido mejor listas de selección, y simplemente hacer como en el orden de pasos de otras preguntas, arrastrar la palabra hasta el espacio en blanco, eso sin contar que en una evaluación por tiempo el estudiante no debe perderlo escribiendo cuando existen alternativas más dinámicas. Me gustó mucho trabajar con la herramienta Cryptool, me pareció interesante el trabajo con ella."
Introducción a la criptografía y sus aplicaciones,ICyA,5,5,5,5,5,5,5,5,5,5,5,5,5,4,4,1,0,1,0,1,1,0,0,1,0,"Realmente el curso ha estado muy bueno, sólo preferiría para otras ediciones realizar estudios un poco más prácticos. Esto es un poco complicado en ambientes a distancia pero sería interesante."
Introducción a la criptografía y sus aplicaciones,ICyA,5,5,5,5,5,5,5,5,4,5,5,5,5,5,5,1,0,1,1,1,1,0,0,1,0,No mejoraría mucho del curso. Quizas en mi caso personal fue en ocasiones corto el tiempo para completar alguna actividad pero aún así es un tema fascinante. Muchas felicidades a los profesores del curso. Espero verlos en una próxima edición de la Escuela a Distancia UCI.
Introducción a la criptografía y sus aplicaciones,ICyA,3,4,4,5,5,4,4,5,3,3,5,5,5,5,5,1,0,0,1,1,0,0,0,1,0,"Me parece muy bueno el curso, solo que se destino muy poco tiempo para cada unidad o tema. En mi opinión era mucha la bibliografía y los recursos educativos a estudiar para el poco tiempo de entrega o término de cada tema. Es bueno pensar que es virtual el curso y uno destina parte del tiempo ( en mi caso) de trabajo para estudiar, por lo que no puede dedicar media jornada como si estuviera realmente en una clase presencial. Por lo demás más que satisfecha con el curso "
Introducción a la criptografía y sus aplicaciones,ICyA,4,3,4,4,4,4,3,4,2,4,5,5,5,4,3,1,0,1,0,1,0,0,0,1,0,Reorganizar bien el tiempo entre las actividades
Introducción a la criptografía y sus aplicaciones,ICyA,5,5,5,5,5,5,4,4,4,4,5,5,5,5,5,0,0,0,1,0,0,0,0,1,0,"Hola. El curso me pareció muy interesante. Me siento complacida con los conocimientos que adquirí. Solo me resta sugerir que para ediciones futuras: Se ajuste un poquito mejor el tiempo: En general si me dio tiempo a completar los cuestionarios en las fechas establecidas pero sentí mucha presión con el tiempo y por eso solo lograba leer las conferencias y el libro Criptografía y seguridad en computadores de Manuel J. Lucena López, que priorice porque note que muchas de las preguntas del cuestionario salían de ese libro. Pienso que adicionar un día más entre cada cuestionario pudiera permitir al estudiante a interiorizar mas conocimiento. Con respecto a los cuestionarios: Desconozco si la plataforma lo permite, pero pienso que cada intento del cuestionario debería ser diferente ya que en la revisión aparecen las respuestas correctas. Preguntas de completar espacios en blanco arrastrando la frase: Este tipo de preguntas tienen la trampa de que si lo que hay que completar es intercambiable sin que pierda el sentido correcto de lo que se dice, entonces marcara la respuesta como errónea. Por ejemplo: La  forma más extendida de calcular [firmas  digitales] consiste en emplear una combinación de [cifrado asimétrico] y [funciones  resumen]. es lo mismo que una combinación de [funciones resumen] y [cifrado asimétrico]. Sin embargo una de las dos estará mal según se haya configurado. Sugiero seleccionar frases mas largas: [cifrado asimétrico y funciones resumen] o seleccionar solo una de las dos: [cifrado asimétrico] y funciones resumen, o reemplazar este tipo de preguntas por ejemplo como las del resto de los cuestionarios que desplegaba opciones. Saludos y muchas gracias."
Introducción a la criptografía y sus aplicaciones,ICyA,5,4,4,5,5,5,4,5,3,5,5,4,4,3,4,1,0,1,1,1,0,0,0,1,0,"En general el curso es muy bueno, por parte de los profesores siempre están ahí respondiendo de la forma mas rápida posible todas las dudas, pero me gustaría ejercicios más prácticos, por ejemplo, implementación de algún método en cualquier lenguaje de programación aunque se que el tiempo del curso es muy corto."
Introducción a la criptografía y sus aplicaciones,ICyA,4,4,4,4,4,5,4,4,3,5,5,5,5,4,4,0,0,0,1,0,0,0,0,1,0,Pienso que hay que tratar de aumentar el tiempo entre las actividades de cada tema.
Introducción a la criptografía y sus aplicaciones,ICyA,5,5,5,5,5,5,5,5,5,5,5,5,5,5,5,0,0,1,1,0,1,0,0,1,0,"Es el primer curso en el que participo de este tipo, los apagones nos llevaron un poco recio pero no fue impedimento para el éxito del curso. Mi sugerencia que sigan trabajando así, trataré de seguir como alumno activo de las diferentes actividades. Gracias por todo a todo el claustro."
Introducción a la criptografía y sus aplicaciones,ICyA,5,5,5,5,5,5,5,5,5,5,5,5,5,5,5,1,0,1,0,1,0,0,0,1,0,"Considero que el curso cumple con las expectativas del estudiante, que es adquirir conocimientos. Muy buena guía por parte de los profesores y buen estructurado el sistema de aprendizaje. Me encantó."
Introducción a la criptografía y sus aplicaciones,ICyA,5,5,4,4,5,4,4,4,4,5,5,4,5,5,5,1,0,1,0,1,1,0,0,0,0,Para mi la calidad del curso es muy buena. Realmente lo que le sugiero es seguir así y mantenerse informados (aprendiendo) todo el tiempo para que lo puedan trasladar a sus estudiantes.
Introducción a la criptografía y sus aplicaciones,ICyA,5,4,5,5,5,5,4,5,5,5,5,5,5,4,5,1,0,0,1,1,0,0,0,1,0,"Agradezco la posibilidad de haber podido participar en el curso,los profes tienen muy buena preparación en los contenidos,solo que en mi caso me quede un poco corta de tiempo y verdaderamente es un contenido que está muy vinculado con las matemáticas y hay que entender en detalle lo relacionado con las fórmulas,eso fue lo q me costó un poco de trabajo en interiorizar pero con los ejemplos explicados fue mejor,por todo lo demás muy bueno y agradecer a los profes por su buena preparación y su tiempo."
Introducción a la criptografía y sus aplicaciones,ICyA,5,5,4,5,5,5,0,5,4,5,5,4,5,5,5,1,0,0,1,1,0,0,0,1,0,"Quisiera que se hicieran más cursos como este o tal vez una extensión de este mismo. Me gustaría que, como ya estamos suscritos por vía correo se me siguiera notificando acerca de nuevos cursos u ofertas."
Introducción a la criptografía y sus aplicaciones,ICyA,5,5,4,5,5,5,5,5,4,5,5,3,5,5,5,1,0,0,1,1,0,0,0,0,0,"El curso ha estado muy bueno y en poco tiempo uno aprende bastante si realmente se interesa, descarga los materiales y observa los debates en los foros y las repuestas de los profesores. Gracias a todos lo que hacen esto posible y espero poder mateicularme de nuevo en venideros cursos. Saludos"
Introducción a la criptografía y sus aplicaciones,ICyA,4,5,4,4,4,5,4,4,4,5,5,4,4,5,5,1,0,0,0,1,0,0,0,0,0,Muy satisfecho.
Introducción a la criptografía y sus aplicaciones,ICyA,5,5,5,5,5,5,5,5,5,5,5,5,5,5,5,1,0,0,0,1,0,0,0,0,0,"Sólo agregar q ha sido una experiencia magnífica q se debe generalizar a toda la educación superior ya q nos permite superarnos a los q no tenemos el acceso a la universidad por disímiles temas, el curso ha estado super bueno y toda mi gratitud a los profes q me guiaron en esta experiencia inolvidable. Gracias miles."
Introducción a la criptografía y sus aplicaciones,ICyA,5,5,5,3,0,0,5,5,5,0,5,5,5,5,4,0,0,1,1,0,1,0,0,1,0,Brindar en cada curso los programas actualizados
Introducción a la criptografía y sus aplicaciones,ICyA,4,5,4,3,0,4,4,4,5,5,4,4,5,5,4,1,0,0,1,1,0,0,0,1,0,"aumentar los debates entre los profesores , tener mas tiempo entre cada cuestionario para el analisis correcto y sin prisas de todos los materiales .por lo demas todo bien .estoy muy satisfecha con el curso ,espero tener la oportunidad de participar en otros .muchas gracias a los profesores y a todas las personas que lo hicieron posible , saludos"
Introducción a la criptografía y sus aplicaciones,ICyA,5,4,5,3,5,3,5,4,3,3,5,5,5,3,4,0,0,1,0,1,0,0,0,0,0,Cocidero que se deben tocar temas más practicos o sea emplear en la practica los concimientos adquiridos.
Introducción a la Bioinformática,Ibio,5,5,5,5,5,5,5,5,5,5,5,5,5,5,5,1,0,1,0,1,1,0,0,0,0,"Yo encontré muy bien el curso, incluso cuando mi campo de estudios no es ni la biología ni la bioquimica y estoy empezando en este mundo."
Introducción a la Bioinformática,Ibio,5,4,4,5,5,5,5,4,3,5,4,5,5,4,5,1,0,0,1,1,1,0,0,1,0,"Me parece q seria favorable explicar con ejemplos como interpretar los árboles filogéneticos.La tematica del curso es relativamente nueva para muchos de los cursantes, en mi caso sucedió asi y me aportó mucho como base para continuar estudiando. Pero creo q el tiempo es muy restringido. Deberían ampliar el plazo de realización del curso. "
Introducción a la Bioinformática,Ibio,5,5,5,5,5,5,5,5,5,5,5,5,5,5,5,1,0,1,0,1,0,0,0,0,0,Un poco de mayor de posibilidades para los que no tienen tanta oportunidad al internet
Introducción a la Bioinformática,Ibio,5,5,5,5,5,5,5,5,5,5,4,5,5,5,5,1,0,1,1,1,0,0,0,1,0,"El curso en sí fue bastante interesante e instructivo. Tengo algunas sugerencias sobre todo con el segundo tema que a mi parecer fue el más complejo. Por ejemplo, se debería enseñar como hacer correctamente la edición de secuencias ensambladas ya que se debe tener en cuenta que es la primera vez que los alumnos nos enfrentamos a este tipo de programas. Quizás adjuntar en los materiales de estudio algún tutorial sobre esto estaría bien. Otro aspecto sería a la hora de interpretar las tablas de los programas de predicción. Los resultados muestran numerosos datos que no sabemos que hacer con ellos. Bibliografía sobre como interpretar estos resultados o una breve explicación sobre lo que significan tantos números y en que debemos fijarnos estaría bien. Por último, en el tema 3, desde mi opinión, me gustaría que para futuros cursos se incluyera una explicación sobre como interpretar los árboles filogenéticos. Y claro, si el curso fuera presencial sería mucho mejor jajaja. Pero en general el curso está muy bien diseñado y aprendí sobre muchos temas nuevos. La retroalimentación con el profe Mario Pupo fue excelente, siempre estaba dispuesto a aclarar las dudas."
Introducción a la Bioinformática,Ibio,3,4,3,4,5,4,4,4,2,4,4,4,4,4,4,0,1,0,1,1,1,0,0,0,0,"El sistema de evaluación debe ajustarse más a este tipo de actividad de postgrado, es muy demandante en la cuestión tiempo como se implementó. También una guía de estudio más detallada pudo ayudar, con tutoriales sobre el uso de los softwares aplicados."
Introducción a la Bioinformática,Ibio,5,5,5,5,5,5,5,5,5,5,5,5,5,5,5,0,0,1,0,1,1,0,0,0,0,"En realidad fue un curso bastante bien, se me hizo estudiar mucho y aprender."
Gestión de redes  y servicios telemáticos,GRST,3,0,4,0,3,0,4,4,3,3,3,4,4,3,0,0,0,0,0,0,0,0,0,0,0,Que las prestaciones sean menos densas.
Gestión de redes  y servicios telemáticos,GRST,4,5,4,5,3,5,5,5,5,5,4,4,5,5,0,0,0,0,0,0,0,0,0,0,0,"Estimada profesora y Tutora: Mónica Peña Casanova. Mediante la misma quería Felicitarla por la calidad de este curso de verano “Gestión de redes y  servicios telemáticos”, diseñado por la Universidad de Ciencias Informáticas,  para la superación profesional, empleando la modalidad del aprendizaje Virtual,  una forma novedosa de enseñanza que requiere atención y compromiso con el  aprendizaje. El mismo cumplió mis expectativas, aprendí cosas que eran novedosas  para mí y pienso aplicar sus consejos y recomendaciones para mi desempeño. Solo  una Recomendación para futuros cursos. Que teniendo en cuenta la complejidad del  tema sobre Redes estudiada a distancia, se hace necesario mayor asistencia tutorial para los  estudiantes, fundamentalmente a la hora de las prácticas, que nos ayuda mucho  cuando aparecen dudas durante el desarrollo del curso, explotar más los  recursos de interacción con los estudiantes, que permita intercambio  estudiantes-profesores sobre temas puntuales o experiencias, referente al  curso, que nos obligue a prepararnos para debatir en los Foros, esto hace el curso más ameno y rico.     Gracias   "
Gestión de redes  y servicios telemáticos,GRST,4,4,4,5,5,5,4,5,5,4,4,3,4,4,0,0,0,0,0,0,0,0,0,0,0,"Me gustaría sugerir incorporar a los contenidos, herramientas de modelación de la red, monitoreo y similares, como Packet Tracer ,Wireshark y otros donde el estudiante aprenda a modelar una red, vea cómo interactuar con un entorno donde puede simular el comportamiento de una red además de gestionarla."
Gestión de redes  y servicios telemáticos,GRST,4,5,5,5,5,5,5,5,5,5,5,5,5,5,0,0,0,0,0,0,0,0,0,0,0,"poner en las calificaciones el por que se evaluo de esa manera, como para tener una clave y tener idea de como deberia de ser"
Gestión de redes  y servicios telemáticos,GRST,5,5,5,5,5,5,5,5,5,5,5,5,5,5,0,0,0,0,0,0,0,0,0,0,0,"El curso tiene muy buena calidad. Obliga al alumno a estudiar e investigar. Creo que su calidad es superior a la de otros postgrados impartidos por otros centros universitarios sin distinción de ser presencial o a distancia. He cursado 2 postgrados en esta modalidad con la escuela de verano, creo que es una muy buena apuesta de futuro. Muchas Gracias UCI."
Gestión de redes  y servicios telemáticos,GRST,3,3,5,5,3,5,5,5,4,3,3,3,5,5,0,0,0,0,0,0,0,0,0,0,0,"Ante todo agradezco haber matriculado en este curso. He aprendido mucho sobre como gestionar los dispositivos y servicios. Este conocimiento me está ayudando a tener un mejor control de lo que sucede en las redes de computadoras que administro. El curso me ha sorprendido. Pero pienso que en mi humilde opinión, podría mejorar en algunos aspectos: Aumentar la cantidad de bibliografía recomendada, así como encontrar libros más actualizados sobre el tema.Mejorar la organización de las tareas evaluativas. El ""Cuestionario sobre conceptos sobre conceptos de gestión de redes y servicios telemáticos 1"" tiene contenido del tema 3, pero esta situado en el tema 1. No se si otros estudiantes del curso presentaron problemas con esto, pero en lo personal me confundió un poco y solo cuando estudié el tema 3 pude completarlo.He quedado muy satisfecho y valoro mucho el esfuerzo que han realizado los profesores de este curso para entregar este material de estudio con tan alta calidad."
Gestión de redes  y servicios telemáticos,GRST,5,5,5,5,5,5,5,5,5,5,5,5,5,5,0,0,0,0,0,0,0,0,0,0,0,"muy bueno el curso, la documentación excelente."
Gestión de redes  y servicios telemáticos,GRST,5,5,5,5,5,5,5,5,5,5,5,5,5,5,0,0,0,0,0,0,0,0,0,0,0,El curso me ha parecido de muchísima utilidad. Felicitar a las profesoras y al colectivo por el mismo.
Gestión de redes  y servicios telemáticos,GRST,2,5,5,5,4,5,5,5,5,4,5,4,4,5,0,0,0,0,0,0,0,0,0,0,0,"Reducir el tiempo de respuesta ante las inquietudes del estudiante y aumentar el tiempo para la entrega de las evaluaciones, al menos 7 días por evaluación, 6 evaluaciones en el curso pues 40 días para poder entregarlas todas, más cuando una depende del resultado de la anterior y aun no esta calificada...Por lo demás muy bueno el curso, los materiales actualizados, muy claras las respuestas de la profesora y las evaluaciones presentan todo un desafío (en buen sentido)."
Gestión de redes  y servicios telemáticos,GRST,5,5,5,5,5,5,5,5,5,5,5,5,5,5,0,0,0,0,0,0,0,0,0,0,0,No tengo sugerencia alguna todo bien
Gestión de redes  y servicios telemáticos,GRST,5,5,5,5,5,5,5,5,5,5,5,5,5,5,0,0,0,0,0,0,0,0,0,0,0,Bueno como habemos estudiantes que están interesados en aprender pero que no dominan bien los términos y los procedimientos en redes e informática. Explicar un poco mejor las actividades evaluativas
Gestión de redes  y servicios telemáticos,GRST,3,4,4,4,4,0,0,5,5,5,5,4,4,4,0,0,0,0,0,0,0,0,0,0,0,"Me gustaría para un próximo curso, profundizar más en la gestión de los servicios telemáticos enfocados a elevar los niveles de eficiencia y eficacia en las organizaciones, cuáles son las mejores prácticas para su instalación y configuración, cuáles son los servicios imprescindibles de una red. Pero en líneas generales el curso me gustó mucho y aprendí muchas cosas nuevas. Muchas gracias por el servicio brindado."
Gestión de redes  y servicios telemáticos,GRST,4,5,5,5,4,5,5,4,4,4,3,3,5,5,0,0,0,0,0,0,0,0,0,0,0,"El curso es de muy buena calidad, solo quiero recomendar, aumentar mas las salas de encuentro, y valorar la posibilidad de utilizar otras vias de comunicacion entre los estudiantes y profesores, ej. telegram o whatsapp"
Gestión de redes  y servicios telemáticos,GRST,4,5,5,4,4,0,4,5,5,5,5,5,5,5,0,0,0,0,0,0,0,0,0,0,0,"Para ser un curso online, es mucho contenido para tan poco tiempo que curso."
Gestión de redes  y servicios telemáticos,GRST,5,5,5,5,5,5,5,5,5,5,5,5,5,4,0,0,0,0,0,0,0,0,0,0,0,"Considero que deberían dar más tiempo de estudio, ya que está muy ajustado y solo da la oportunidad de responder las actividades evaluativas y no de profundizar en los recursos educativos que nos brindan para interiorizar y entender bien el contenido, de esa manera aprender mejor de lo que estamos haciendo, por lo demás me gustó mucho el curso por el contenido que abarca y lo que pretende enseñar. A pesar de ese problemita cumplió su objetivo"
Gestión de redes  y servicios telemáticos,GRST,5,5,5,5,5,5,5,5,4,5,5,5,5,5,0,0,0,0,0,0,0,0,0,0,0,"Muy bien utilizados los recursos educativos: vìdeos, diapositivas, bibliografia, todo.Muchas actividades a entregar en corto período de tiempo.Todo lo demás perfecto"
Gestión de redes  y servicios telemáticos,GRST,2,5,5,5,3,5,3,5,5,4,4,4,4,5,0,0,0,0,0,0,0,0,0,0,0,Mayor interacción con los profesores por los canales de comunicación utilizados en el curso
Gestión de redes  y servicios telemáticos,GRST,5,4,5,4,5,5,5,5,5,5,5,5,5,5,0,0,0,0,0,0,0,0,0,0,0,Todo bien
Gestión de redes  y servicios telemáticos,GRST,4,3,4,4,4,5,5,5,3,3,3,3,3,2,0,0,0,0,0,0,0,0,0,0,0,"Mayor explicación de las actividades a realizar, en muchas ocasiones no entendía el nivel de complejidad de las actividades(para el caso de que el curso sea de forma virtual). Además creo que en varios temas son muchas evalauciones, me gustaría que no hubiecen tantas evaluaciones por temas."
Gestión de redes  y servicios telemáticos,GRST,4,5,3,4,4,5,5,5,5,5,5,5,5,4,0,0,0,0,0,0,0,0,0,0,0,"Intentar acompañar las láminas con material explicativo de apoyo. Las notas a pie de página pudieran usarse más dada la abstracción de algunos contenidos y su novedad, considero que son necesarias algunas explicaciones adicionales del contenido.Fue mi primera experiencia con esta plataforma de aprendizaje, la cual me parece muy efectiva para el alumno que tiene interés en aprender ó interactuar.Gracias a las profesoras del curso, especialmente a Mónica."
Gestión de redes  y servicios telemáticos,GRST,5,3,5,5,0,5,4,5,5,4,5,5,5,5,0,0,0,0,0,0,0,0,0,0,0,"Organizar un poco mejor los tópicos y los contenidos dentro de ellos, pues hubo actividades que no se correspondían con el tema en algún caso, los videos de apoyo deberían ser, algunos, de mejor orientación didáctica."
Gestión de redes  y servicios telemáticos,GRST,4,5,5,5,3,5,5,5,5,5,5,5,5,5,0,0,0,0,0,0,0,0,0,0,0,"Ha sido un excelente curso donde he aprendido de gestión de redes pero sobre todas las cosas sobre como impartir un contenido de manera virtual. Muy bien pensado y organizado, con un excelente dominio de las profesoras. Sugiero retroalimentar al estudiante con comentarios sobre la revisión de los trabajos."
Computación con Palabras para la Toma de Decisiones,CPTD,0,0,5,0,0,0,5,0,5,0,0,0,0,0,0,0,0,1,0,1,0,0,0,0,0,"Me parece que el objetivo del curso ha sido cumplido, por la preparación y atención de los profesores, la variedad en la bibliografía. A mi modo de ver, así está perfecto."
Computación con Palabras para la Toma de Decisiones,CPTD,5,5,5,5,5,5,5,5,5,5,5,5,5,5,5,0,0,1,1,0,0,0,0,1,0,Menos cuestionarios y mas tareas a entregar.
Computación con Palabras para la Toma de Decisiones,CPTD,5,5,5,5,5,5,5,5,5,5,5,5,5,5,5,1,0,1,0,1,0,0,0,1,0,"Me agradó mucho la temática del curso y considera muy buena la dinámica.Quizás, como sugerencia para mejorar, fuera bueno eliminar las penalizaciones en las preguntas de tipo ""selección simple"" en los cuestionarios.Muchas gracias por impartir este curso."
Computación con Palabras para la Toma de Decisiones,CPTD,5,5,5,5,5,5,5,5,5,5,5,5,5,5,5,0,0,0,1,0,0,0,0,1,1,Hasta el momento ninguno.
Computación con Palabras para la Toma de Decisiones,CPTD,5,5,5,5,5,5,4,5,4,4,4,5,5,5,5,0,0,0,1,0,1,0,0,0,0,"Me quedo muy satisfecha con el curso. Comencé sin tener nociones sobre esta metodología, y termino encantada, es un tema complejo que requiere a partir de este momento estudiarlo con profundidad ya en el plano individual, al menos en mi caso que es la primera vez que lo veo. Así mismo doy las gracias a los profesores y por el contenido súper actualizado y con una dinámica de aprendizaje estupenda. Todo lo que sé en este momento lo debo a ello. Gracias, y que la Universidad siga ofertando cursos tan ricos en conocimientos. "
Computación con Palabras para la Toma de Decisiones,CPTD,5,5,4,5,5,5,4,5,5,4,4,5,5,5,5,1,0,1,0,1,0,0,0,1,0,"El curso resultó muy interesante. Se podrían añadir más ejemplos sobre 2-tuplas lingüísticas, en los que se pongan otras extensiones de este modelo."
Computación con Palabras para la Toma de Decisiones,CPTD,5,5,5,5,5,5,5,5,5,5,5,5,5,5,5,0,0,1,0,1,1,0,0,0,0,"La calidad del curso ha sido excelente. La preparación de las profesoras, calidad y actualidad de los materiales puestos a disposición ha sido muy buena. Felicito al colectivo que se involucró en la preparación y montaje del curso. Los intercambios generados entre estudiantes y profesoras faciitaron el aprendizaje de los que, como yo, no habían tenido un acercamiento anterior a los temas de CWW en la TD.Algunos elementos que creo pudieran valorarse:Incluir videos que resuman los elementos distintivos de los modelos estudiados.Valorar el tiempo para la realización del cuestionario final del tema 3 que incluye ejercicios prácticos (de muy buena calidad) pero, para resolverlos en el menor tiempo posible se necesita práctica en la realización de este tipo de ejercicio. Pudiera, en este caso, valorarse también incluir alguna actividad de autoevaluación (pudiera ser algún juego) con el objetivo de realizar ejercicios prácticos similares a los del cuestionario.La forma de trabajo utilizada, a través de los foros, en mi criterio, han sido de las actividades mejor preparadas y que permite atender las diferencias de conocimiento en los estudiantes. "
Computación con Palabras para la Toma de Decisiones,CPTD,5,4,5,4,5,5,5,5,5,5,5,4,4,4,4,1,0,1,1,1,0,0,0,1,0,Que siga manteniendose el curso para futuras escuelas de posgrado.
Computación con Palabras para la Toma de Decisiones,CPTD,5,4,4,5,5,5,4,5,4,4,4,5,5,4,4,1,0,0,1,1,0,0,0,1,0,Poner mas ejemplos resueltos para cada modelo
Computación con Palabras para la Toma de Decisiones,CPTD,4,4,4,5,5,5,4,4,4,4,4,4,4,5,5,1,0,0,1,1,0,0,0,1,0,"Mantenerse con la alta preparación en los temas del curso, muy bien montado todo en la plataforma, la profesora siempre aclarando dudas con mucha dedicación, los videos y documentos muy claros, en fin excelente curso, ahora tenemos que aplicarlo. Solo señarlar que por todos los problemas que presenta el país, algunas tareas se entregaron después de las fechas y la profesora fue siempre comprensiva, Saludos a todos y gracias por ser parte de este curso."
Computación con Palabras para la Toma de Decisiones,CPTD,5,5,5,5,5,5,5,5,5,5,5,5,5,5,5,1,0,1,1,1,0,0,0,1,0,El curso muy bueno y desde mi punto de vista logra los objetivos propuestos. Además de contar con buena estuctura y diseño
Computación con Palabras para la Toma de Decisiones,CPTD,5,5,5,5,5,5,5,5,4,5,5,5,5,5,5,1,0,1,0,1,0,0,0,0,0,Realizar una mejor distribución de la puntuación en el cuestionario de evaluación final del tema 3.Aumentar la duración del curso para faciliar el desarrollo de todas las actividades.
Computación con Palabras para la Toma de Decisiones,CPTD,5,5,5,5,5,5,5,5,3,5,5,5,5,5,5,1,0,1,0,1,0,1,0,0,0,Pienso que los cursos son de muy poca duración para la cantidad de contenido que tienen.
Computación con Palabras para la Toma de Decisiones,CPTD,3,4,3,3,3,3,3,3,3,3,3,3,5,3,3,1,0,1,0,1,0,0,0,1,0,Utilizar el sistema desde el segundo tema.
Computación con Palabras para la Toma de Decisiones,CPTD,4,3,4,5,5,5,5,5,5,5,4,4,4,4,4,1,0,1,0,1,0,0,0,0,0,Se podría tener en cuenta la disparidad de niveles y de antecedentes profesionales para a la hora de abordar los temas se pueda entender mejor por todos.
Computación con Palabras para la Toma de Decisiones,CPTD,5,3,5,5,5,5,5,5,4,5,5,5,5,4,5,0,0,1,0,0,0,0,0,1,0,Poner más ejemplos sobre los ejercicios tema 3
Computación con Palabras para la Toma de Decisiones,CPTD,5,5,5,5,5,5,5,5,5,5,5,5,5,5,5,1,0,0,1,1,0,1,0,0,0,Felicitó a las profes por la calidad este curso. 
Computación con Palabras para la Toma de Decisiones,CPTD,5,5,5,5,5,5,5,5,5,5,5,5,5,5,5,1,0,0,1,1,1,0,0,0,0,"Para mi fue de mucha utilidad el curso, desde mi punto de vista sería conveniente impartir otro curso para profundizar los conocimiento, pues se abordo mucho contenido y parte de ellos fue de forma introductoria e informativa. "
Computación con Palabras para la Toma de Decisiones,CPTD,5,4,4,5,5,5,4,4,4,5,5,5,5,5,5,1,0,1,0,0,1,0,0,0,0,"Solamente sugerir que la evaluación final sea accesible desde el principio, pues mientras el estudiante va avanzando en el curso pueda ir trabajando en esta, después para enviarla a los profesores si debe haber culmindado las actividades requeridas, pero la orientación de la evaluación final si sería bueno tenerla desde el principio.Muchas gracias por su tiempo y dedicacón, muy buen curso. "
Computación con Palabras para la Toma de Decisiones,CPTD,5,5,5,5,5,5,5,5,5,5,5,5,5,5,5,1,0,1,0,1,0,0,0,0,0,Me parece excelente el trabajo desempeñado por los profesores y la concepción del curso 
Computación con Palabras para la Toma de Decisiones,CPTD,5,5,5,5,5,5,5,5,3,5,5,5,5,5,5,1,0,0,1,1,0,0,0,1,0,"El curso se corresponde con el objetivo trazado, así como  con las expectativas alcanzadas en el mismo, solo señalar que el tiempo de entrega  sobre todo en los temas finales está un poco apretado, debido a la complejidad  de dichos temas."
Computación con Palabras para la Toma de Decisiones,CPTD,5,5,5,5,5,5,5,5,3,3,5,4,4,5,5,1,0,0,1,0,1,0,0,1,0,Que den un poco más de tiempo de una evaluación a otra.
Computación con Palabras para la Toma de Decisiones,CPTD,4,4,3,4,4,4,4,4,4,4,5,5,5,4,5,1,1,1,1,1,1,1,1,0,0,"El curso está bastante bueno,tiene un muy buen material bibliográfico y audiovisuales bastante explicativos.Se cumplieron las expectativas q tenía con este curso"
Computación con Palabras para la Toma de Decisiones,CPTD,5,5,5,5,5,5,5,5,4,4,5,5,5,5,5,1,0,1,0,1,0,0,0,0,0,Felicitar a las excelentes profesoras que nos enseñaron y apoyaron a lo largo del curso. Sugerencia que sigan trabajando y ayudando a los estudiantes como lo han hecho. Muchas Gracias.
Computación con Palabras para la Toma de Decisiones,CPTD,5,5,5,5,5,5,5,5,5,5,5,5,5,5,5,1,0,0,0,1,0,0,0,0,0,"Pudiera no depender tanto de videos, esto puede atentar contra la preparación de los estudiantes, hay que recordar que muchos se conectan por datos móviles. "
